ID,TITLE,CATEGORY,PRICE,IMG-HREF,INFO,DETAILS
1,Dibnah Versus Sauron T-shirt,T-Shirts,26,https://images.teemill.com/akisdxwbizkaq3etnazr4ekqjwk7fup41thhippgkmprutzf.png.jpg?w=1080&h=1080&v=2,"""Fred Dibnah knocking down Sauron's Tower""",
2,Abolish Time T-shirt,T-Shirts,23,https://images.teemill.com/yr2xuske9bcorcrerofzzyn2owjrkowmjr7eh5mv8lia0gtm.png.png?w=1080&h=auto,Official T-shirt of Humans Against Chronology.,
3,Justice T-shirt,T-Shirts,26,https://images.teemill.com/khtrndvrbcbyq5sfxrilwyne2qbrsxzo9xdom3vwhdtkrsnm.png.png?w=1080&h=auto,"Your move, creep.",
4,Dwarf Wars T-shirt,T-Shirts,26,https://images.teemill.com/ojvmxz43xkh6ndqbnnv4vsrpxqmtfpt4exglvumxreacy1op.png.png?w=1080&h=auto,You will never find a more wretched hive of smeg and smegheadedness,
5,Techno Sparrow T-shirt,T-Shirts,26,https://images.teemill.com/opvlmuxlle45ls8qlo6r4uswzsvlvq0pb4lr2kcf1k1l7kxr.png.png?w=1080&h=auto,Know your sparrows,
6,Video Monolith T-shirt,T-Shirts,26,https://images.teemill.com/owbtdolvjkulff9atlxlf5wzfjz1c2h3mtn2cgr9cwppn6kh.png.png?w=1080&h=auto,"I am putting myself to the fullest possible use, which is all I think that any Scotch E180 Extra Grade Plus Video Cassette can ever hope to do.",
7,Trapdoor Deadites T-shirt,T-Shirts,26,https://images.teemill.com/zslrampr6bk6s4lwd6qfrpmcwgrf0ckiymqcdu02byfehudc.png.png?w=1080&h=auto,"""The Evil Dead Vs The Trap Door""",
8,Every Dove Deserves Love T-shirt,T-Shirts,26,https://images.teemill.com/kaoxkj5vqpqyesrrf4trshnjiwhfaelw7qxx0kxnmlyjwpkl.png.png?w=1080&h=auto,"Following the relative success of my pro-gull T-shirt, I decided to create a design championing another much maligned and misunderstood bird, the rock dove - more commonly known as the pigeon.",
9,Carry On Raving T-shirt,T-Shirts,26,https://images.teemill.com/inlzhiijprirwfhiipexzjuimryn5zclxv34zhgayhrcyz9b.png.png?w=1080&h=auto,"""Carry On Raving""",
10,80s Halloween T-shirt,T-Shirts,26,https://images.teemill.com/goxcgqc0bcnedwlnoogwbsv7rtpus634hygkist7xxtkgtsw.png.png?w=1080&h=auto,"Elvira, Mistress of the Dark joins Pinhead, Freddy and Chucky for a VHS horror marathon while Jason and Ash see who can carve the best pumpkin using their weapon of choice",
11,T2 Stained Glass T-shirt,T-Shirts,26,https://images.teemill.com/pyiekvensp5ys7sk6u5buzvvip2hxmccxszgjbefu5rwyxat.png.png?w=1080&h=auto,"Terminator 2 in the style of ecclesiastical stained glass

As requested by Kath Oparka",
12,Bat Country Redux T-shirt,T-Shirts,26,https://images.teemill.com/1uaytt4heuuwxyhjnk70pjcggzgjb0m6j4mtei5l0fhbsqj3.jpeg.jpg?w=1080&h=1080&v=2,"""Bert and Ernie take a Fear and Loathing style trip to Las Vegas""",
13,Dad's Army Of Darkness T-shirt,T-Shirts,26,https://images.teemill.com/wfa0w5boutfhvxr7vgrcwbozxlnsglcwfbrdi9dbepvqhswa.png.png?w=1080&h=auto,"""Dad's Army of Darkness""",
14,Chestburster T-shirt,T-Shirts,26,https://images.teemill.com/4gwbd5yonshsjkecwvfgusxx4jylbzqsrebbzvt33zfpyheu.png.png?w=1080&h=auto,"""The chestburster scene from Alien as portrayed by famous TV puppets""",
15,Wu Tang Clangers T-shirt,T-Shirts,26,https://images.teemill.com/mtwvs9ggcs4igwu6qhibrvct4knln90jbfjanwubtlkh7ddt.png.png?w=1080&h=auto,"""The Wu-Tang Clangers""",
16,Bayeux Kicking Out Time T-shirt,T-Shirts,26,https://images.teemill.com/aolk0yjnxdngntjeootolppdo5o5iogiit3cm1tn6b4qnyhv.png.png?w=1080&h=auto,"""Please could you paint a Friday night at pub kicking out time, with all the fights, kebabs, and throwing up in gutters, but in the style of the Bayeux Tapestry?""",
17,The One Who Knocks Twice T-shirt,T-Shirts,26,https://images.teemill.com/qvy1cw7umihy9gcnaabymkotr1rfyk48lxv5qg9xrne9ownd.png.png?w=1080&h=auto,"""In my struggle to get through the daily episode of Postman Pat each morning I have resorted to imagining a dark plot in which Pat is diagnosed with terminal lung cancer and decides to begin cooking up crystal meth in the back of his van""",
18,Bj√∂rks Scrap Removal Service T-shirt,T-Shirts,26,https://images.teemill.com/tydiegy2blvh82sxu47y9bf6bzasxwerkxcywzkft23dxpaj.png.png?w=1080&h=auto,She'll go through it before you wake up,
19,Grand Theft Alan T-shirt,T-Shirts,26,https://images.teemill.com/zcvesosuao7kkoryzmxsipe5mke87op48zvuiyv8wnu9mvf0.png.png?w=1080&h=auto,"""Grand Theft Alan""",
20,Large Hadron T-shirt,T-Shirts,26,https://images.teemill.com/u5osdg9ivrv4dyuq3yxuz2u0dvzssdlxv2z9rccbwxv13qbh.png.png?w=1080&h=auto,Nobody really knows what it's for. But it's impressive none the less.,
21,Party Devil T-shirt,T-Shirts,26,https://images.teemill.com/4sn1wefgretqhavrmvjxmb3muv8cvy2dnx6hsyqx5c3qiydz.png.png?w=1080&h=auto,"Finally, the horrible truth is revealed.",
22,Ultimate 80s Back Print T-shirt,T-Shirts,31,https://images.teemill.com/v58kvznsuelagnlhyydvsdsnahcb80u7xeu6ajwau35dublx.png.png?w=1080&h=auto,A colourful explosion of 90's pop culture. Back print T-shirt with breast pocket detail,
23,Teenage Mutant Tina Turners T-shirt,T-Shirts,26,https://images.teemill.com/7brbszmqp2mtjjk0gbiqqm4kw6woczfyn9r2xfdqbxyu6w9f.png.png?w=1080&h=auto,Teenage Mutant Tina Turners,
24,Death T-shirt,T-Shirts,26,https://images.teemill.com/ifhcckl3vr0cqxnxiuc34zfgy54nubgubqah3vgqfyskn8eq.png.png?w=1080&h=auto,There's a bear going round taking names,
25,The Sensible Raver T-shirt,T-Shirts,20,https://images.teemill.com/y6kuddqxaogilwyqvhoflr8wttlqsgii4uoz16sn3zaigxdv.png.png?w=1080&h=auto,For all the sensible ravers busting highly pragmatic moves on the dancefloor,
26,The Birds T-shirt,T-Shirts,26,https://images.teemill.com/hjz4s6wonw7v8tgj84fnhfiwxup7qbpjjwofrjblrxfknaup.png.png?w=1080&h=auto,"""Alfred Hitchcock's 'The Birds' but featuring famous birds""",
27,Dot Cotton's Psychedelic Tea Room T-shirt,T-Shirts,26,https://images.teemill.com/ibgubaov0vwynjg534tsk8vtpoafxeqbzrt6gif8d0dlsnuy.png.png?w=1080&h=auto,She's gone beyond,
28,No More Time T-shirt,T-Shirts,26,https://images.teemill.com/pwzt0k2exjp3hlvxwtc3mkftuziikfe3aso17rlbjtgipxqv.png.png?w=1080&h=auto,Celebrate and dance so free,
29,He's Got The Latest Shit T-shirt,T-Shirts,26,https://images.teemill.com/ovisynubbstxskugvk2n8xfisbk8gmedan1nv7agi6pj6z2t.png.png?w=1080&h=auto,"Roland Browning made his Grange Hill debut in 1982: coincidentally the only year that the Roland corporation was manufacturing all three of the magical machines in this picture at the same time. One year later came Roland Rat. Why this era was so rich with iconic Rolands is anyone's guess but it's something I felt worth acknowledging in Paint form.

From the Yamaha PSS-380 I first played with as a toddler trying to emulate my Dad's Jean Michel Jarre records to the Korg X3 I had as a teenager and all the classic Roland sounds I spent my 20s raving to, synths have always been my first love - before Paint, even. Like Roland Browning I was bullied at school but I always had electronic music as an escape. For that reason this piece is very special to me.

Big love and thanks to Henry Shitmat for the tagline - this is taken from his 2004 track ""UK Swampcore Sucks in Comparison to Techstep New Wave Psy-Jungle"" - if you know the track you'll know why I picked these words.",
30,It's Almost Time T-shirt,T-Shirts,26,https://images.teemill.com/jd0m100fnwtfg1ug25g0pr5pd8g7sywrmzecioarhfnodtjf.jpeg.jpg?w=1080&h=1080&v=2,Don't forget to wear your mask.,
31,XP Postcard T-shirt,T-Shirts,26,https://images.teemill.com/lpayisr2lyzhsuzykh9lhpw7ur9t49wfojk6tjmok9riuo29.png.png?w=1080&h=auto,A postcard design from the best operating system that ever was,
32,Vitruvian Beardsley,T-Shirts,26,https://images.teemill.com/ripkdzhn2yxd8wmqmygzbskwle3b0zjh8cfgif4acxu3awhu.png.png?w=1080&h=auto,Behold,
33,Video Sadism Double Print T-shirt,T-Shirts,30,https://images.teemill.com/4ypk3m0dii36ckxqpnuziezq7pqe4lqnucklodne3cptvkdi.jpeg.jpg?w=1080&h=1080&v=2,"In honour of The Video Nasties: 72 sleazy, bloody, gratuitous horror films that were banned by the Tory government in the early 80s. Most were seized by the Police and incinerated. Some distributors even did jail time.",
34,Grinch Hard T-shirt,T-Shirts,26,https://images.teemill.com/jx65lems79mivxjvodrxsznc8dlga2yqyjjmvkhm3val9sha.png.png?w=1080&h=auto,"From the tower he stared with a sour, Grinchy frown,",
35,Treats of Beige T-shirt,T-Shirts,26,https://images.teemill.com/bfqgegmkafhzoacuup0iqaramqvuqpfevpmdia3spm2o6idv.png.png?w=1080&h=auto,The finest British Tapas,
36,80s Halloween Party Art Print,Print,33,,The ultimate 80s Halloween party,
37,The One Who Knocks Twice Art Print,Print,33,,Original request by Joe Badham,
38,Lt. Cdr. Data's Metal Hearts Club Band Art Print,Print,33,,What's the one thing everyone likes more than The Beatles? That's right. Robots.,
39,T2 Stained Glass Art Print,Print,33,,Terminator 2 in the style of ecclesiastical stained glass,
40,Coronation Street Fighter II Art Print,Print,33,,"""Coronation Street Fighter II""",
41,,Print,33,,,
42,,Print,33,,,
43,,Print,33,,,
44,,,33,,,
45,,,,,,
46,,,,,,
47,,,,,,
48,,,,,,
49,,,,,,
50,,,,,,
51,,,,,,
52,,,,,,
53,,,,,,
54,,,,,,
55,,,,,,
56,,,,,,
57,,,,,,
58,,,,,,
59,,,,,,
60,,,,,,
61,,,,,,
62,,,,,,
63,,,,,,
64,,,,,,
65,,,,,,
66,,,,,,
67,,,,,,
68,,,,,,
69,,,,,,
70,,,,,,
71,,,,,,
72,,,,,,
73,,,,,,
74,,,,,,
75,,,,,,
76,,,,,,
77,,,,,,
78,,,,,,
79,,,,,,